{
  "IcoMoonType": "selection",
  "icons": [
    {
      "icon": {
        "paths": [
          "M18.071 421.647h843.294v180.706h-843.294v-180.706z",
          "M656.565 855.341l-84.329-90.353 259.012-252.988-259.012-252.988 84.329-90.353 349.365 337.318z"
        ],
        "attrs": [
          {
            "fill": "rgb(255, 255, 255)"
          },
          {
            "fill": "rgb(255, 255, 255)"
          }
        ],
        "isMulticolor": false,
        "isMulticolor2": false,
        "grid": 0,
        "tags": [
          "箭头@1x"
        ],
        "colorPermutations": {
          "165167174120220621512452522521255255255181741781": [
            {
              "f": 4
            },
            {
              "f": 4
            }
          ]
        }
      },
      "attrs": [
        {
          "fill": "rgb(255, 255, 255)"
        },
        {
          "fill": "rgb(255, 255, 255)"
        }
      ],
      "properties": {
        "order": 61,
        "id": 5,
        "name": "solid-arrow",
        "prevSize": 32,
        "code": 59648
      },
      "setIdx": 0,
      "setId": 2,
      "iconIdx": 0
    },
    {
      "icon": {
        "paths": [
          "M916.211 803.032l-414.989-425.768-388.042 425.768-80.842-70.063 468.884-517.389 490.442 512z"
        ],
        "attrs": [
          {
            "fill": "rgb(165, 167, 174)"
          }
        ],
        "isMulticolor": false,
        "isMulticolor2": false,
        "grid": 0,
        "tags": [
          "上拉@1x"
        ],
        "colorPermutations": {
          "165167174120220621512452522521255255255181741781": [
            {
              "f": 1
            }
          ]
        }
      },
      "attrs": [
        {
          "fill": "rgb(165, 167, 174)"
        }
      ],
      "properties": {
        "order": 56,
        "id": 4,
        "name": "up-arrow",
        "prevSize": 32,
        "code": 59662
      },
      "setIdx": 0,
      "setId": 2,
      "iconIdx": 1
    },
    {
      "icon": {
        "paths": [
          "M383.274 780.265c-94.445 0-195.186-37.778-267.594-110.186-147.964-147.964-151.112-390.372 0-541.484 147.964-147.964 390.372-151.112 541.484-0 147.964 147.964 151.112 390.372-0 541.484-75.556 75.556-173.149 110.186-273.89 110.186zM386.422 84.521c-81.852 0-160.556 28.333-223.52 91.297-122.778 122.778-122.778 324.261 0 447.039s324.261 122.778 447.039 0c122.778-122.778 122.778-324.261 0-447.039-66.111-59.815-144.815-88.149-223.52-91.297z",
          "M984.573 1022.674c-6.296-0-15.741-3.148-22.037-9.444l-349.446-349.446c-12.593-12.593-12.593-31.482 0-44.074s31.482-12.593 44.074 0l349.446 349.446c12.593 12.593 12.593 31.482 0 44.074 0 6.296-9.444 9.444-22.037 9.444z"
        ],
        "attrs": [
          {
            "fill": "rgb(165, 167, 174)"
          },
          {
            "fill": "rgb(165, 167, 174)"
          }
        ],
        "isMulticolor": false,
        "isMulticolor2": false,
        "grid": 0,
        "tags": [
          "搜索@1x"
        ],
        "colorPermutations": {
          "165167174120220621512452522521255255255181741781": [
            {
              "f": 1
            },
            {
              "f": 1
            }
          ]
        }
      },
      "attrs": [
        {
          "fill": "rgb(165, 167, 174)"
        },
        {
          "fill": "rgb(165, 167, 174)"
        }
      ],
      "properties": {
        "order": 57,
        "id": 3,
        "name": "search",
        "prevSize": 32,
        "code": 59664
      },
      "setIdx": 0,
      "setId": 2,
      "iconIdx": 2
    },
    {
      "icon": {
        "paths": [
          "M736 1024h-448c-160 0-288-128-288-288v-448c0-160 128-288 288-288h448c160 0 288 128 288 288v448c0 160-128 288-288 288zM288 64c-121.6 0-224 102.4-224 224v448c0 121.6 102.4 224 224 224h448c121.6 0 224-102.4 224-224v-448c0-121.6-102.4-224-224-224h-448z"
        ],
        "attrs": [
          {
            "fill": "rgb(202, 206, 215)"
          }
        ],
        "isMulticolor": false,
        "isMulticolor2": false,
        "grid": 0,
        "tags": [
          "未选中@1x"
        ],
        "colorPermutations": {
          "165167174120220621512452522521255255255181741781": [
            {
              "f": 2
            }
          ]
        }
      },
      "attrs": [
        {
          "fill": "rgb(202, 206, 215)"
        }
      ],
      "properties": {
        "order": 58,
        "id": 2,
        "name": "un-checked",
        "prevSize": 32,
        "code": 59671
      },
      "setIdx": 0,
      "setId": 2,
      "iconIdx": 3
    },
    {
      "icon": {
        "paths": [
          "M501.221 808.421l-468.884-517.389 80.842-70.063 388.042 425.768 414.989-425.768 75.453 75.453z"
        ],
        "attrs": [
          {
            "fill": "rgb(165, 167, 174)"
          }
        ],
        "isMulticolor": false,
        "isMulticolor2": false,
        "grid": 0,
        "tags": [
          "下拉@1x"
        ],
        "colorPermutations": {
          "165167174120220621512452522521255255255181741781": [
            {
              "f": 1
            }
          ]
        }
      },
      "attrs": [
        {
          "fill": "rgb(165, 167, 174)"
        }
      ],
      "properties": {
        "order": 59,
        "id": 1,
        "name": "down-arrow",
        "prevSize": 32,
        "code": 59672
      },
      "setIdx": 0,
      "setId": 2,
      "iconIdx": 4
    },
    {
      "icon": {
        "paths": [
          "M288 32h448c140.8 0 256 115.2 256 256v448c0 140.8-115.2 256-256 256h-448c-140.8 0-256-115.2-256-256v-448c0-140.8 115.2-256 256-256z",
          "M736 1024h-448c-160 0-288-128-288-288v-448c0-160 128-288 288-288h448c160 0 288 128 288 288v448c0 160-128 288-288 288zM288 64c-121.6 0-224 102.4-224 224v448c0 121.6 102.4 224 224 224h448c121.6 0 224-102.4 224-224v-448c0-121.6-102.4-224-224-224h-448z",
          "M416 774.4l-249.6-256 51.2-38.4 198.4 204.8 428.8-390.4 38.4 51.2z"
        ],
        "attrs": [
          {
            "fill": "rgb(245, 252, 252)"
          },
          {
            "fill": "rgb(8, 174, 178)"
          },
          {
            "fill": "rgb(8, 174, 178)"
          }
        ],
        "isMulticolor": true,
        "isMulticolor2": false,
        "grid": 0,
        "tags": [
          "选中@1x"
        ],
        "colorPermutations": {
          "165167174120220621512452522521255255255181741781": [
            {
              "f": 3
            },
            {
              "f": 0
            },
            {
              "f": 0
            }
          ]
        }
      },
      "attrs": [
        {
          "fill": "rgb(245, 252, 252)"
        },
        {
          "fill": "rgb(8, 174, 178)"
        },
        {
          "fill": "rgb(8, 174, 178)"
        }
      ],
      "properties": {
        "order": 60,
        "id": 0,
        "name": "checked",
        "prevSize": 32,
        "code": 59673,
        "codes": [
          59673,
          59677,
          59678
        ]
      },
      "setIdx": 0,
      "setId": 2,
      "iconIdx": 5
    },
    {
      "icon": {
        "paths": [
          "M68.267 0l955.733 955.733-68.267 68.267-955.733-955.733z",
          "M0 955.733l955.733-955.733 68.267 68.267-955.733 955.733z"
        ],
        "attrs": [
          {
            "fill": "rgb(165, 167, 174)"
          },
          {
            "fill": "rgb(165, 167, 174)"
          }
        ],
        "isMulticolor": false,
        "isMulticolor2": false,
        "grid": 0,
        "tags": [
          "close"
        ],
        "colorPermutations": {
          "16516717412022062151245252252125525525512559588138227231181741781": [
            {
              "f": 2
            },
            {
              "f": 2
            }
          ]
        }
      },
      "attrs": [
        {
          "fill": "rgb(165, 167, 174)"
        },
        {
          "fill": "rgb(165, 167, 174)"
        }
      ],
      "properties": {
        "order": 23,
        "id": 7,
        "name": "close",
        "prevSize": 32,
        "code": 59649
      },
      "setIdx": 1,
      "setId": 1,
      "iconIdx": 1
    },
    {
      "icon": {
        "paths": [
          "M1024 512c0 282.77-229.23 512-512 512s-512-229.23-512-512c0-282.77 229.23-512 512-512s512 229.23 512 512z",
          "M204.8 460.8h665.6v102.4h-665.6v-102.4z"
        ],
        "attrs": [
          {
            "fill": "rgb(255, 95, 88)"
          },
          {
            "fill": "rgb(255, 255, 255)"
          }
        ],
        "isMulticolor": true,
        "isMulticolor2": false,
        "grid": 0,
        "tags": [
          "error"
        ],
        "colorPermutations": {
          "16516717412022062151245252252125525525512559588138227231181741781": [
            {
              "f": 3
            },
            {
              "f": 6
            }
          ]
        }
      },
      "attrs": [
        {
          "fill": "rgb(255, 95, 88)"
        },
        {
          "fill": "rgb(255, 255, 255)"
        }
      ],
      "properties": {
        "order": 24,
        "id": 6,
        "name": "error",
        "prevSize": 32,
        "code": 59650,
        "codes": [
          59650,
          59651
        ]
      },
      "setIdx": 1,
      "setId": 1,
      "iconIdx": 2
    },
    {
      "icon": {
        "paths": [
          "M512 0c-282.819 0-512 229.181-512 512s229.181 512 512 512c282.819 0 512-229.181 512-512 0-29.257-19.505-48.762-48.762-48.762s-48.762 19.505-48.762 48.762c0 229.181-190.171 419.352-419.352 419.352s-419.352-190.171-419.352-419.352c0-229.181 190.171-419.352 419.352-419.352 78.019 0 160.914 19.505 219.429 68.267v9.752l-48.762 58.514c-19.505 19.505 0 58.514 29.257 58.514l219.429 9.752c19.505 0 39.010-29.257 39.010-48.762l-68.267-209.676c-9.752-29.257-48.762-39.010-68.267-9.752l-39.010 58.514c-78.019-58.514-175.543-87.771-277.943-87.771z"
        ],
        "attrs": [
          {
            "fill": "rgb(255, 255, 255)"
          }
        ],
        "isMulticolor": false,
        "isMulticolor2": false,
        "grid": 0,
        "tags": [
          "flush"
        ],
        "colorPermutations": {
          "16516717412022062151245252252125525525512559588138227231181741781": [
            {
              "f": 6
            }
          ]
        }
      },
      "attrs": [
        {
          "fill": "rgb(255, 255, 255)"
        }
      ],
      "properties": {
        "order": 25,
        "id": 5,
        "name": "flush",
        "prevSize": 32,
        "code": 59652
      },
      "setIdx": 1,
      "setId": 1,
      "iconIdx": 3
    },
    {
      "icon": {
        "paths": [
          "M896.118 667.081l-22.119-38.504c5.277-7.060 8.449-15.96 8.449-25.601 0-23.7-19.169-42.923-42.849-43.009l-0.008-0c-1.695 0.037-3.323 0.185-4.916 0.436l0.205-0.027-292.138-509.358c-17.892-30.702-50.66-51.007-88.17-51.007s-70.277 20.306-87.91 50.524l-0.26 0.483-11.674 20.276c-2.322-0.523-4.988-0.822-7.725-0.822-0.164 0-0.328 0.001-0.492 0.003l0.025-0c-23.578 0.231-42.602 19.398-42.602 43.008 0 0.145 0.001 0.289 0.002 0.434l-0-0.022c0.082 10.71 4.106 20.464 10.689 27.899l-0.039-0.045-301.191 525.333c-8.41 14.486-13.373 31.875-13.373 50.424 0 56.086 45.379 101.573 101.424 101.748l0.017 0h31.663c6.421 15.913 21.738 26.938 39.63 26.938s33.209-11.025 39.528-26.652l0.102-0.286h595.787c56.124-0.093 101.585-45.612 101.585-101.749 0-0.014-0-0.029-0-0.043l0 0.002c-0.257-18.546-5.239-35.874-13.791-50.906l0.274 0.523zM868.059 752.486c-12.117 20.832-34.336 34.614-59.774 34.614-0.155 0-0.309-0.001-0.463-0.002l0.024 0h-595.582c-6.36-15.986-21.699-27.080-39.63-27.080s-33.271 11.094-39.529 26.793l-0.101 0.287h-31.54c-38.368-0.119-69.425-31.25-69.425-69.634 0-12.736 3.419-24.674 9.39-34.946l-0.179 0.333 301.887-526.562c1.229 0 2.253 0.41 3.482 0.41 23.683-0.197 42.805-19.441 42.805-43.152 0-0.022-0-0.044-0-0.066l0 0.003c0-0.043 0-0.095 0-0.146 0-9.092-2.917-17.503-7.867-24.348l0.084 0.122 12.493-21.914c12.262-20.971 34.67-34.836 60.316-34.836s48.054 13.864 60.138 34.507l0.178 0.329 292.179 508.539c-6.466 7.413-10.408 17.174-10.408 27.855 0 23.46 19.018 42.477 42.477 42.477 2.709 0 5.359-0.254 7.928-0.739l-0.264 0.041 21.505 37.685c5.937 9.936 9.447 21.915 9.447 34.715s-3.51 24.779-9.62 35.029l0.173-0.314z",
          "M895.913 255.416c-17.62-30.44-50.030-50.59-87.148-50.59-0.252 0-0.503 0.001-0.754 0.003l0.039-0h-43.419c-6.421-15.913-21.738-26.938-39.63-26.938s-33.209 11.025-39.528 26.652l-0.102 0.286h-583.703c-0.013-0-0.029-0-0.045-0-56.081 0-101.544 45.463-101.544 101.544 0 18.636 5.020 36.099 13.782 51.111l-0.26-0.482 18.433 32.155c-4.238 6.548-6.758 14.552-6.758 23.144 0 23.681 19.139 42.892 42.793 43.009l0.011 0c0.614 0 1.229-0.205 2.048-0.205l296.972 517.755c17.854 30.758 50.635 51.111 88.17 51.111s70.316-20.353 87.909-50.625l0.261-0.486 25.396-44.239c1.647 0.225 3.55 0.353 5.483 0.353 23.629 0 42.784-19.155 42.784-42.784 0-9.905-3.366-19.023-9.016-26.275l0.072 0.096 288.575-503.419c8.294-14.336 13.187-31.537 13.187-49.88 0-18.919-5.205-36.621-14.261-51.754l0.255 0.46zM868.387 340.821l-288.493 502.988c-1.851-0.284-3.987-0.446-6.161-0.446-23.652 0-42.825 19.174-42.825 42.825 0 10.201 3.567 19.57 9.522 26.926l-0.063-0.080-25.396 44.034c-12.208 21.049-34.635 34.98-60.316 34.98s-48.108-13.931-60.138-34.648l-0.178-0.333-295.538-515.482c7.417-7.68 11.986-18.151 11.986-29.69 0-23.618-19.146-42.764-42.764-42.764-3.541 0-6.982 0.43-10.273 1.242l0.294-0.061-16.794-29.492c-5.783-9.915-9.197-21.825-9.197-34.533 0-25.622 13.879-48.003 34.529-60.034l0.33-0.178h0.143c9.948-5.758 21.877-9.173 34.6-9.216l0.013-0h583.703c6.36 15.986 21.699 27.080 39.63 27.080s33.271-11.094 39.529-26.793l0.101-0.287h43.419c0.135-0.001 0.294-0.001 0.454-0.001 38.209 0 69.184 30.975 69.184 69.184 0 12.845-3.501 24.873-9.6 35.181l0.176-0.321z",
          "M447.793 397.963c-10.509-11.349-25.488-18.43-42.12-18.43-31.671 0-57.346 25.675-57.346 57.346s25.675 57.346 57.346 57.346c15.004 0 28.662-5.762 38.882-15.194l-0.039 0.036c1.229-1.024 2.253-2.253 3.277-3.277-7.594-10.87-12.133-24.361-12.133-38.914s4.54-28.044 12.28-39.136l-0.147 0.222z",
          "M469.912 483.163c2.84 2.111 6.077 3.966 9.525 5.416l0.306 0.114c12.565-16.502 32.223-27.046 54.343-27.046 6.987 0 13.729 1.052 20.075 3.006l-0.483-0.128c4.47-7.964 7.104-17.479 7.104-27.608 0-31.592-25.611-57.203-57.203-57.203s-57.203 25.611-57.203 57.203c0 18.936 9.201 35.723 23.377 46.134l0.159 0.112z",
          "M476.875 522.896c26.362 9.414 45.013 33.884 45.671 62.798l0.001 0.078c3.343 0.694 7.184 1.091 11.119 1.091 31.592 0 57.203-25.611 57.203-57.203s-25.611-57.203-57.203-57.203c-25.288 0-46.743 16.409-54.299 39.16l-0.116 0.404c-1.008 3.091-1.839 6.768-2.341 10.55l-0.035 0.325z",
          "M351.738 477.838c-19.794 9.289-33.255 29.054-33.255 51.962 0 31.604 25.62 57.223 57.223 57.223s57.223-25.62 57.223-57.223c0-6.356-1.036-12.471-2.949-18.183l0.117 0.404c-1.361-3.972-2.883-7.355-4.673-10.567l0.167 0.327c-5.898 1.852-12.68 2.92-19.711 2.92-22.021 0-41.596-10.468-54.023-26.699l-0.12-0.163z",
          "M443.696 530.883c-0.644 29.050-19.29 53.583-45.195 62.931l-0.477 0.15c3.501 28.624 27.66 50.576 56.945 50.576 31.671 0 57.346-25.675 57.346-57.346s-25.675-57.346-57.346-57.346c-2.385 0-4.736 0.146-7.044 0.428l0.277-0.028h-0.205l-4.301 0.614z",
          "M1279.293 305.553v422.437h-69.225v-422.437z",
          "M1702.366 359.991c35.514 39.651 53.25 92.307 53.25 157.477s-17.757 117.171-53.25 156.822q-55.913 61.954-152.664 61.975c-65.088 0-115.983-21.321-152.664-62.753-35.493-40.224-52.656-92.307-52.656-156.207 0-64.494 17.163-116.556 52.656-156.801 36.681-42.6 87.576-63.306 152.664-63.306 64.535 0.082 115.389 20.768 152.664 62.794zM1447.994 402.612c-23.082 28.386-34.326 66.276-34.326 114.856 0 47.946 11.244 85.815 34.326 114.222 23.655 29.001 58.002 43.768 101.769 43.768s77.499-14.193 101.196-41.986c23.061-27.792 34.817-66.276 34.817-116.003s-11.838-88.743-34.817-117.15c-23.696-28.489-57.346-42.027-101.196-42.027s-77.52 14.705-101.769 44.3z",
          "M1889.929 305.553l208.904 304.714h2.335v-304.714h69.799v422.437h-67.464l-211.075-308.871h-2.396v308.933h-69.287v-422.437z",
          "M2429.025 305.553c101.79 0 153.278 43.194 153.278 129.582q0 130.627-154.446 130.77h-104.739v162.147h-69.225v-422.437zM2323.119 506.736h100.602c30.721 0 53.25-5.919 67.443-16.569q21.321-16.876 21.3-55.032c0-25.437-7.68-43.194-21.894-53.844-14.193-11.244-36.681-16.569-66.849-16.569h-100.602z",
          "M2874.565 447.567q28.386 29.267 28.386 85.241v195.285h-62.712v-40.286c-11.582 14.741-26.243 26.53-43.063 34.508l-0.725 0.31c-19.518 8.889-42.621 13.62-69.225 13.62-31.971 0-56.814-8.192-75.144-24.27-17.476-14.677-28.506-36.538-28.506-60.975 0-0.582 0.006-1.163 0.019-1.742l-0.001 0.086c0-34.326 12.964-60.951 40.245-79.302q37.255-26.625 104.718-28.407l66.87-1.761v-11.838c0-40.245-21.894-59.763-65.682-59.763-18.945 0-33.732 2.949-45.058 10.056-12.939 7.661-22.229 20.321-25.257 35.255l-0.058 0.341-66.87-5.325c6.513-33.711 23.082-58.575 49.707-73.956 22.529-14.214 53.25-20.727 92.307-20.727 45.017-0.041 78.728 11.162 100.049 33.65zM2773.369 590.237c-53.844 1.188-80.469 20.112-80.469 56.814-0.005 0.202-0.007 0.441-0.007 0.679 0 10.712 5.34 20.177 13.504 25.878l0.102 0.068c9.53 7.039 21.511 11.267 34.479 11.267 0.573 0 1.143-0.008 1.712-0.025l-0.084 0.002c25.929 0 47.925-7.701 65.682-22.529 17.736-15.381 27.219-34.92 27.219-58.575v-15.402z",
          "M3156.811 421.516v67.464c-12.86-4.12-27.653-6.495-43-6.495-0.277 0-0.554 0.001-0.83 0.002l0.043-0c-17.757 0-33.732 6.492-47.946 20.706-16.569 15.975-24.249 36.681-24.249 62.712v162.147h-66.87v-305.942h66.952v43.808c8.192-15.402 17.736-27.219 28.98-35.514 13.599-11.244 29.656-16.569 48.54-16.569 14.705 0.041 27.731 2.376 38.381 7.68z",
          "M3291.124 422.11h68.058v55.585h-68.058v172.797c0 7.086 1.188 12.432 4.731 16.569 3.543 3.543 8.192 5.305 15.381 5.305h40.224v55.585h-51.468q-39.897 0-58.575-21.3c-11.838-12.964-17.757-31.377-17.757-56.22v-172.694h-55.032v-55.585h55.052v-71.027l67.464-27.792z",
          "M3682.246 539.28v188.772h-67.382v-182.853c0-50.28-23.061-75.144-69.205-75.144-0.155-0.001-0.337-0.002-0.52-0.002-16.87 0-32.159 6.772-43.296 17.746l0.007-0.007c-14.193 12.964-22.529 31.971-24.843 56.22v184.041h-67.464v-305.942h67.464v35.514c10.879-13.456 24.285-24.402 39.556-32.224l0.688-0.32c14.141-7.101 30.815-11.259 48.461-11.259 0.64 0 1.278 0.005 1.916 0.016l-0.096-0.001c76.25 0.041 114.713 41.433 114.713 125.445z",
          "M3998.798 464.73c24.27 30.721 36.702 73.956 36.702 129.029h-229.017c2.376 28.407 10.056 50.301 23.082 65.088s31.95 22.529 56.22 22.529c20.706 0 37.275-4.731 50.28-14.193 10.056-7.701 18.945-20.133 27.219-37.296h67.464c-6.913 28.665-21.94 53.133-42.491 71.568l-0.13 0.115c-27.219 23.082-60.951 34.817-101.769 34.817-45.57 0-81.678-14.214-108.303-42.027-28.407-28.98-42.6-68.549-42.6-119.506 0-45.57 12.964-83.377 40.224-114.222 26.052-31.356 62.139-46.737 107.688-46.737 50.362-0.020 88.805 16.508 115.43 50.833zM3832.514 487.792q-18.433 18.679-24.843 55.032h157.416c-5.898-49.686-32.524-73.956-79.875-73.956-22.529 0-39.733 5.919-52.759 18.924z",
          "M4271.603 421.516v67.464c-12.919-4.158-27.782-6.555-43.205-6.555-0.205 0-0.41 0-0.615 0.001l0.032-0c-17.777 0-33.732 6.492-47.925 20.706-16.569 15.975-24.29 36.681-24.29 62.733v162.126h-66.849v-305.881h66.808v43.808c8.192-15.402 17.757-27.219 29.001-35.514 13.62-11.244 29.656-16.569 48.54-16.569 14.808 0.041 27.833 2.376 38.504 7.68z",
          "M4557.392 510.874h-65.743c-4.731-15.381-11.838-26.625-21.3-32.544-10.056-6.513-25.437-9.462-46.164-9.462-17.736 0-31.336 2.355-40.224 7.68-10.65 5.345-15.381 13.62-15.381 25.458 0 9.462 7.68 18.433 24.27 25.437 10.036 4.096 30.148 10.056 60.93 17.757 34.326 8.192 60.357 17.736 76.926 29.001 24.249 15.361 36.681 37.275 36.681 64.494 0 65.088-46.143 97.632-137.856 97.632-85.241 0-130.77-36.087-137.221-107.709h65.682c3.564 19.539 10.671 33.158 20.727 41.433 10.056 7.107 25.929 11.244 48.519 11.244 47.331 0 71.007-12.964 71.007-37.869q0-21.3-26.625-33.732c-9.483-4.731-29.656-10.056-60.357-17.163q-54.172-12.411-76.332-26.625-35.514-22.242-35.493-62.118c0-28.407 11.223-50.301 34.817-65.702 23.061-16.569 53.25-24.249 91.119-24.249 80.531 0.041 124.913 31.95 132.019 97.038z",
          "M4688.162 297.279v165.587c10.429-16.144 24.632-29.021 41.403-37.589l0.603-0.28c14.828-7.68 31.95-11.244 51.489-11.244 37.275 0 65.088 10.65 83.377 32.544 17.163 20.706 25.929 51.468 25.929 92.307v189.366h-67.464v-177.446c0-26.052-5.305-46.164-15.361-59.763-11.838-14.828-29.001-21.894-52.083-21.894q-31.95 0-49.707 24.864c-12.432 16.549-18.33 37.275-18.33 63.306v171.015h-67.546v-430.773z",
          "M5040.821 309.69c8.012 7.917 12.974 18.904 12.974 31.051 0 0.316-0.003 0.632-0.010 0.946l0.001-0.047c0.008 0.316 0.013 0.688 0.013 1.061 0 12.401-5.224 23.582-13.59 31.463l-0.022 0.020c-8.597 7.712-20.020 12.427-32.544 12.427s-23.947-4.715-32.59-12.468l0.046 0.040c-8.021-7.927-12.989-18.929-12.989-31.091 0-0.511 0.009-1.020 0.026-1.527l-0.002 0.074c0-12.964 4.096-23.676 12.964-31.95 8.142-7.697 19.157-12.429 31.278-12.429 0.445 0 0.889 0.006 1.331 0.019l-0.065-0.001c0.402-0.012 0.876-0.019 1.351-0.019 12.296 0 23.488 4.726 31.86 12.46l-0.032-0.029zM5041.415 422.11v305.942h-67.464v-305.942z",
          "M5386.455 461.761c23.676 29.656 35.514 67.464 35.514 114.877 0 45.058-11.838 82.251-34.92 111.846-24.843 31.868-59.702 47.782-103.551 47.782-35.493 0-66.255-17.163-91.119-50.321v159.259h-67.464v-423.093h62.733v32.565q31.95-40.757 92.307-40.757 67.382-0.041 106.5 47.843zM5208.846 499.732c-12.964 18.433-18.924 42.621-18.924 73.383v4.731c0 31.95 7.701 57.981 23.676 77.499 14.193 17.757 31.95 26.625 53.844 26.625 29.636 0 52.083-10.036 66.276-28.96 12.432-17.777 18.945-43.215 18.945-76.352s-5.919-58.575-17.163-76.332q-21.321-31.95-65.682-31.95c-26.625 0-46.758 10.056-60.951 31.356z"
        ],
        "attrs": [
          {
            "fill": "rgb(8, 174, 178)"
          },
          {
            "fill": "rgb(8, 174, 178)"
          },
          {
            "fill": "rgb(8, 174, 178)"
          },
          {
            "fill": "rgb(8, 174, 178)"
          },
          {
            "fill": "rgb(8, 174, 178)"
          },
          {
            "fill": "rgb(8, 174, 178)"
          },
          {
            "fill": "rgb(8, 174, 178)"
          },
          {
            "fill": "rgb(8, 174, 178)"
          },
          {
            "fill": "rgb(8, 174, 178)"
          },
          {
            "fill": "rgb(8, 174, 178)"
          },
          {
            "fill": "rgb(8, 174, 178)"
          },
          {
            "fill": "rgb(8, 174, 178)"
          },
          {
            "fill": "rgb(8, 174, 178)"
          },
          {
            "fill": "rgb(8, 174, 178)"
          },
          {
            "fill": "rgb(8, 174, 178)"
          },
          {
            "fill": "rgb(8, 174, 178)"
          },
          {
            "fill": "rgb(8, 174, 178)"
          },
          {
            "fill": "rgb(8, 174, 178)"
          },
          {
            "fill": "rgb(8, 174, 178)"
          },
          {
            "fill": "rgb(8, 174, 178)"
          },
          {
            "fill": "rgb(8, 174, 178)"
          }
        ],
        "width": 5422,
        "isMulticolor": false,
        "isMulticolor2": false,
        "grid": 0,
        "tags": [
          "IONC_store_bule"
        ],
        "colorPermutations": {
          "16516717412022062151245252252125525525512559588138227231181741781": [
            {
              "f": 0
            },
            {
              "f": 0
            },
            {
              "f": 0
            },
            {
              "f": 0
            },
            {
              "f": 0
            },
            {
              "f": 0
            },
            {
              "f": 0
            },
            {
              "f": 0
            },
            {
              "f": 0
            },
            {
              "f": 0
            },
            {
              "f": 0
            },
            {
              "f": 0
            },
            {
              "f": 0
            },
            {
              "f": 0
            },
            {
              "f": 0
            },
            {
              "f": 0
            },
            {
              "f": 0
            },
            {
              "f": 0
            },
            {
              "f": 0
            },
            {
              "f": 0
            },
            {
              "f": 0
            }
          ]
        }
      },
      "attrs": [
        {
          "fill": "rgb(8, 174, 178)"
        },
        {
          "fill": "rgb(8, 174, 178)"
        },
        {
          "fill": "rgb(8, 174, 178)"
        },
        {
          "fill": "rgb(8, 174, 178)"
        },
        {
          "fill": "rgb(8, 174, 178)"
        },
        {
          "fill": "rgb(8, 174, 178)"
        },
        {
          "fill": "rgb(8, 174, 178)"
        },
        {
          "fill": "rgb(8, 174, 178)"
        },
        {
          "fill": "rgb(8, 174, 178)"
        },
        {
          "fill": "rgb(8, 174, 178)"
        },
        {
          "fill": "rgb(8, 174, 178)"
        },
        {
          "fill": "rgb(8, 174, 178)"
        },
        {
          "fill": "rgb(8, 174, 178)"
        },
        {
          "fill": "rgb(8, 174, 178)"
        },
        {
          "fill": "rgb(8, 174, 178)"
        },
        {
          "fill": "rgb(8, 174, 178)"
        },
        {
          "fill": "rgb(8, 174, 178)"
        },
        {
          "fill": "rgb(8, 174, 178)"
        },
        {
          "fill": "rgb(8, 174, 178)"
        },
        {
          "fill": "rgb(8, 174, 178)"
        },
        {
          "fill": "rgb(8, 174, 178)"
        }
      ],
      "properties": {
        "order": 26,
        "id": 4,
        "name": "site-logo",
        "prevSize": 32,
        "code": 59653
      },
      "setIdx": 1,
      "setId": 1,
      "iconIdx": 4
    },
    {
      "icon": {
        "paths": [
          "M1024 512c0 282.77-229.23 512-512 512s-512-229.23-512-512c0-282.77 229.23-512 512-512s512 229.23 512 512z",
          "M867.763 634.324l-17.584-31.030c8.275-10.343 9.309-24.824 3.103-36.202s-17.584-19.653-31.030-19.653c-1.034 0-2.069 0-4.137 0l-235.83-413.737c-14.481-25.859-41.374-41.374-71.37-41.374s-56.889 15.515-71.37 41.374l-9.309 16.549c-2.069 0-4.137-1.034-6.206-1.034-13.446 0-25.859 8.275-31.030 20.687s-3.103 26.893 5.172 37.236l-244.105 427.184c-14.481 25.859-14.481 56.889 0 82.747s41.374 41.374 71.37 41.374h25.859c5.172 13.446 17.584 21.721 32.065 21.721s26.893-8.275 32.065-21.721h482.004c28.962 0 56.889-15.515 71.37-41.374 13.446-25.859 13.446-56.889-1.034-82.747v0zM845.008 703.625c-10.343 17.584-28.962 27.927-48.614 27.927h-482.004c-5.172-13.446-17.584-21.721-32.065-21.721s-26.893 8.275-32.065 21.721h-25.859c-19.653 0-38.271-10.343-48.614-27.927s-10.343-39.305 0-56.889l244.105-428.218c1.034 0 2.069 0 3.103 0 12.412 0 24.824-7.24 31.030-18.618s5.172-25.859-2.069-36.202l10.343-17.584c10.343-17.584 28.962-27.927 48.614-27.927s38.271 10.343 48.614 27.927l235.83 413.737c-9.309 11.378-11.378 26.893-4.137 39.305s21.721 19.653 36.202 16.549l17.584 31.030c10.343 18.618 10.343 40.339 0 56.889z",
          "M867.763 300.231c-14.481-25.859-41.374-41.374-71.37-41.374h-35.168c-5.172-13.446-17.584-21.721-32.065-21.721s-26.893 8.275-32.065 21.721h-472.695c-28.962 0-56.889 15.515-71.37 41.374s-14.481 56.889 0 82.747l14.481 25.859c-7.24 10.343-7.24 24.824-1.034 35.168s17.584 18.618 29.996 18.618c1.034 0 1.034 0 2.069 0l239.968 420.978c14.481 25.859 41.374 41.374 71.37 41.374s56.889-15.515 71.37-41.374l20.687-36.202c13.446 2.069 27.927-5.172 34.133-17.584 7.24-12.412 6.206-26.893-3.103-38.271l233.762-409.6c15.515-24.824 15.515-56.889 1.034-81.713zM845.008 369.532l-232.727 408.566c-14.481-2.069-27.927 5.172-35.168 17.584s-6.206 27.927 3.103 39.305l-20.687 36.202c-10.343 17.584-28.962 27.927-48.614 27.927s-38.271-10.343-48.614-27.927l-238.933-418.909c10.343-11.378 12.412-27.927 5.172-41.374s-22.756-19.653-38.271-16.549l-13.446-23.79c-10.343-17.584-10.343-39.305 0-56.889s28.962-27.927 48.614-27.927h472.695c5.172 13.446 17.584 21.721 32.065 21.721s26.893-8.275 32.065-21.721h35.168c19.653 0 38.271 10.343 48.614 27.927 9.309 16.549 9.309 38.271-1.034 55.855v0z",
          "M504.709 416.077c-17.584-18.618-46.545-20.687-66.198-3.103s-19.653 46.545-3.103 66.198c17.584 18.618 46.545 20.687 66.198 3.103 1.034-1.034 2.069-2.069 3.103-3.103-12.412-18.618-12.412-44.477 0-63.095z",
          "M523.327 485.378c2.069 2.069 5.172 3.103 8.275 4.137 13.446-18.618 38.271-25.859 59.992-19.653 12.412-21.721 5.172-49.648-16.549-62.061s-48.614-7.24-63.095 13.446c-14.481 20.687-9.309 49.648 11.378 64.129v0z",
          "M528.499 517.443c21.721 7.24 36.202 27.927 37.236 50.683 24.824 5.172 48.614-10.343 53.786-35.168 6.206-23.79-8.275-48.614-32.065-55.855s-48.614 7.24-56.889 29.996c-1.034 4.137-2.069 7.24-2.069 10.343z",
          "M427.133 481.241c-22.756 10.343-33.099 37.236-22.756 59.992 9.309 22.756 35.168 34.133 58.958 25.859s35.168-34.133 27.927-57.923c-1.034-3.103-2.069-5.172-4.137-8.275-21.721 6.206-45.511-2.069-59.992-19.653z",
          "M501.606 523.649c0 22.756-15.515 43.442-37.236 51.717 3.103 25.859 25.859 43.442 51.717 40.339s43.442-25.859 40.339-51.717-25.859-43.442-51.717-40.339c-1.034 0-2.069 0-3.103 0v0z"
        ],
        "attrs": [
          {
            "fill": "rgb(8, 174, 178)"
          },
          {
            "fill": "rgb(255, 255, 255)"
          },
          {
            "fill": "rgb(255, 255, 255)"
          },
          {
            "fill": "rgb(255, 255, 255)"
          },
          {
            "fill": "rgb(255, 255, 255)"
          },
          {
            "fill": "rgb(255, 255, 255)"
          },
          {
            "fill": "rgb(255, 255, 255)"
          },
          {
            "fill": "rgb(255, 255, 255)"
          }
        ],
        "isMulticolor": true,
        "isMulticolor2": false,
        "grid": 0,
        "tags": [
          "logo"
        ],
        "colorPermutations": {
          "16516717412022062151245252252125525525512559588138227231181741781": [
            {
              "f": 0
            },
            {
              "f": 6
            },
            {
              "f": 6
            },
            {
              "f": 6
            },
            {
              "f": 6
            },
            {
              "f": 6
            },
            {
              "f": 6
            },
            {
              "f": 6
            }
          ]
        }
      },
      "attrs": [
        {
          "fill": "rgb(8, 174, 178)"
        },
        {
          "fill": "rgb(255, 255, 255)"
        },
        {
          "fill": "rgb(255, 255, 255)"
        },
        {
          "fill": "rgb(255, 255, 255)"
        },
        {
          "fill": "rgb(255, 255, 255)"
        },
        {
          "fill": "rgb(255, 255, 255)"
        },
        {
          "fill": "rgb(255, 255, 255)"
        },
        {
          "fill": "rgb(255, 255, 255)"
        }
      ],
      "properties": {
        "order": 27,
        "id": 3,
        "name": "logo",
        "prevSize": 32,
        "code": 59654,
        "codes": [
          59654,
          59655,
          59656,
          59657,
          59658,
          59659,
          59660,
          59661
        ]
      },
      "setIdx": 1,
      "setId": 1,
      "iconIdx": 5
    },
    {
      "icon": {
        "paths": [
          "M512 1024c-282.88 0-512-229.12-512-512s229.12-512 512-512 512 229.12 512 512-229.12 512-512 512zM462.080 646.4l-145.92-148.48-96 92.16c70.4 38.4 168.96 106.24 253.44 213.76 60.16-111.36 243.2-340.48 332.8-360.96-14.080-57.6-23.040-166.4 0-224-184.32 121.6-344.32 427.52-344.32 427.52z"
        ],
        "attrs": [
          {
            "fill": "rgb(38, 227, 231)"
          }
        ],
        "isMulticolor": false,
        "isMulticolor2": false,
        "grid": 0,
        "tags": [
          "succeed"
        ],
        "colorPermutations": {
          "16516717412022062151245252252125525525512559588138227231181741781": [
            {
              "f": 1
            }
          ]
        }
      },
      "attrs": [
        {
          "fill": "rgb(38, 227, 231)"
        }
      ],
      "properties": {
        "order": 29,
        "id": 1,
        "name": "succeed",
        "prevSize": 32,
        "code": 59663
      },
      "setIdx": 1,
      "setId": 1,
      "iconIdx": 7
    },
    {
      "icon": {
        "paths": [
          "M512 170.667c-318.578 0-483.556 273.067-483.556 318.578s164.978 318.578 483.556 318.578c318.578 0 483.556-273.067 483.556-318.578s-164.978-318.578-483.556-318.578zM500.622 733.867c-136.533 0-250.311-108.089-250.311-244.622s113.778-244.622 250.311-244.622c136.533 0 250.311 108.089 250.311 244.622s-108.089 244.622-250.311 244.622zM512 489.244c-17.067-28.444 34.133-125.156 0-125.156-56.889 0-108.089 56.889-108.089 125.156s45.511 125.156 108.089 125.156c56.889 0 108.089-56.889 108.089-125.156 0-34.133-91.022 22.756-108.089 0z"
        ],
        "attrs": [
          {
            "fill": "rgb(165, 167, 174)"
          }
        ],
        "isMulticolor": false,
        "isMulticolor2": false,
        "grid": 0,
        "tags": [
          "查看记录@1x"
        ],
        "colorPermutations": {
          "1651671741202206215123623623612382382381253170012552552551": [
            {
              "f": 1
            }
          ]
        }
      },
      "attrs": [
        {
          "fill": "rgb(165, 167, 174)"
        }
      ],
      "properties": {
        "order": 41,
        "id": 10,
        "name": "eye",
        "prevSize": 32,
        "code": 59665
      },
      "setIdx": 2,
      "setId": 0,
      "iconIdx": 0
    },
    {
      "icon": {
        "paths": [
          "M1024 512c0 282.77-229.23 512-512 512s-512-229.23-512-512c0-282.77 229.23-512 512-512s512 229.23 512 512z",
          "M643.339 759.096c-4.452-35.617-2.226-62.33-2.226-97.948 15.583-8.904 75.687-64.557 80.139-111.304 13.357-2.226 33.391-13.357 40.070-64.557 4.452-26.713-8.904-42.296-17.809-48.974 20.035-64.557 31.165-264.904-117.983-284.939-15.583-26.713-53.426-40.070-104.626-40.070-202.574 4.452-262.678 153.6-218.157 325.009-8.904 4.452-20.035 20.035-17.809 48.974 6.678 51.2 26.713 64.557 40.070 64.557 4.452 48.974 62.33 104.626 80.139 111.304 0 33.391 2.226 60.104-2.226 97.948-40.070 106.852-300.522 51.2-313.878 287.165h868.174c-6.678-238.191-273.809-178.087-313.878-287.165z"
        ],
        "attrs": [
          {
            "fill": "rgb(238, 238, 238)"
          },
          {
            "fill": "rgb(202, 206, 215)",
            "opacity": 0.2805
          }
        ],
        "isMulticolor": true,
        "isMulticolor2": true,
        "grid": 0,
        "tags": [
          "默认头像@1x"
        ],
        "colorPermutations": {
          "1651671741202206215123623623612382382381253170012552552551": [
            {
              "f": 3
            },
            {
              "f": 2
            }
          ]
        }
      },
      "attrs": [
        {
          "fill": "rgb(238, 238, 238)"
        },
        {
          "fill": "rgb(202, 206, 215)",
          "opacity": 0.2805
        }
      ],
      "properties": {
        "order": 40,
        "id": 9,
        "name": "people",
        "prevSize": 32,
        "code": 59666,
        "codes": [
          59666,
          59667
        ]
      },
      "setIdx": 2,
      "setId": 0,
      "iconIdx": 1
    },
    {
      "icon": {
        "paths": [
          "M512 792.253l-301.811 161.684 59.284-334.147-242.526-237.137 334.147-48.505 150.905-307.2 150.905 307.2 334.147 48.505-242.526 237.137 59.284 334.147z"
        ],
        "attrs": [
          {
            "fill": "rgb(236, 236, 236)"
          }
        ],
        "isMulticolor": false,
        "isMulticolor2": false,
        "grid": 0,
        "tags": [
          "评价 不亮@1x"
        ],
        "colorPermutations": {
          "1651671741202206215123623623612382382381253170012552552551": [
            {
              "f": 4
            }
          ]
        }
      },
      "attrs": [
        {
          "fill": "rgb(236, 236, 236)"
        }
      ],
      "properties": {
        "order": 39,
        "id": 8,
        "name": "gray-star",
        "prevSize": 32,
        "code": 59668
      },
      "setIdx": 2,
      "setId": 0,
      "iconIdx": 2
    },
    {
      "icon": {
        "paths": [
          "M512 792.253l-301.811 161.684 59.284-334.147-242.526-237.137 334.147-48.505 150.905-307.2 150.905 307.2 334.147 48.505-242.526 237.137 59.284 334.147z"
        ],
        "attrs": [
          {
            "fill": "rgb(253, 170, 0)"
          }
        ],
        "isMulticolor": false,
        "isMulticolor2": false,
        "grid": 0,
        "tags": [
          "评价 亮@1x"
        ],
        "colorPermutations": {
          "1651671741202206215123623623612382382381253170012552552551": [
            {
              "f": 0
            }
          ]
        }
      },
      "attrs": [
        {
          "fill": "rgb(253, 170, 0)"
        }
      ],
      "properties": {
        "order": 38,
        "id": 7,
        "name": "light-star",
        "prevSize": 32,
        "code": 59669
      },
      "setIdx": 2,
      "setId": 0,
      "iconIdx": 3
    },
    {
      "icon": {
        "paths": [
          "M843.618 115.791h140.997c6.302 0 7.877 0 7.877 8.665v58.289c0 4.726 0 7.089-6.302 7.089h-67.742s-4.726 0-7.089 0c-14.966 25.994-29.932 51.988-44.111 78.769l-355.249 630.154s0 0 0 0 0 0 0-5.514c-54.351-99.249-109.489-198.498-163.84-298.535-74.043-133.908-147.298-268.603-221.342-403.298v0s-4.726 0-7.089 0h-103.188c-5.514 0-7.089 0-7.089-7.089 0-18.905 0-38.597 0-57.502s0-8.665 8.665-8.665h337.132l70.105 123.668 166.991 297.748c0 7.877 0 7.877 8.665 0 78.769-138.634 164.628-276.48 246.548-414.326z"
        ],
        "attrs": [
          {
            "fill": "rgb(255, 255, 255)"
          }
        ],
        "isMulticolor": false,
        "isMulticolor2": false,
        "grid": 0,
        "tags": [
          "企业认证"
        ],
        "colorPermutations": {
          "1651671741202206215123623623612382382381253170012552552551": [
            {
              "f": 5
            }
          ]
        }
      },
      "attrs": [
        {
          "fill": "rgb(255, 255, 255)"
        }
      ],
      "properties": {
        "order": 37,
        "id": 6,
        "name": "member",
        "prevSize": 32,
        "code": 59670
      },
      "setIdx": 2,
      "setId": 0,
      "iconIdx": 4
    },
    {
      "icon": {
        "paths": [
          "M349.867 68.267h281.6v76.8h-281.6z",
          "M349.867 0h281.6v51.2h-281.6z",
          "M921.6 699.733l-34.133 213.333h-768l-34.133-213.333h-85.333v341.333h1006.933v-341.333z",
          "M896 341.333h-247.467v-128h-290.133v128h-247.467l392.533 477.867z"
        ],
        "attrs": [
          {
            "fill": "rgb(165, 167, 174)"
          },
          {
            "fill": "rgb(165, 167, 174)"
          },
          {
            "fill": "rgb(165, 167, 174)"
          },
          {
            "fill": "rgb(165, 167, 174)"
          }
        ],
        "isMulticolor": false,
        "isMulticolor2": false,
        "grid": 0,
        "tags": [
          "下载数量@1x"
        ],
        "colorPermutations": {
          "1651671741202206215123623623612382382381253170012552552551": [
            {
              "f": 1
            },
            {
              "f": 1
            },
            {
              "f": 1
            },
            {
              "f": 1
            }
          ]
        }
      },
      "attrs": [
        {
          "fill": "rgb(165, 167, 174)"
        },
        {
          "fill": "rgb(165, 167, 174)"
        },
        {
          "fill": "rgb(165, 167, 174)"
        },
        {
          "fill": "rgb(165, 167, 174)"
        }
      ],
      "properties": {
        "order": 33,
        "id": 2,
        "name": "download",
        "prevSize": 32,
        "code": 59674
      },
      "setIdx": 2,
      "setId": 0,
      "iconIdx": 8
    },
    {
      "icon": {
        "paths": [
          "M735.763 455.111v0l53.096 53.096-508.207 508.207-53.096-53.096 455.111-455.111-455.111-455.111 53.096-53.096 455.111 455.111z"
        ],
        "attrs": [
          {
            "fill": "rgb(255, 255, 255)"
          }
        ],
        "isMulticolor": false,
        "isMulticolor2": false,
        "grid": 0,
        "tags": [
          "右@1x"
        ],
        "colorPermutations": {
          "1651671741202206215123623623612382382381253170012552552551": [
            {
              "f": 5
            }
          ]
        }
      },
      "attrs": [
        {
          "fill": "rgb(255, 255, 255)"
        }
      ],
      "properties": {
        "order": 32,
        "id": 1,
        "name": "right-arrow",
        "prevSize": 32,
        "code": 59675,
        "ligatures": ""
      },
      "setIdx": 2,
      "setId": 0,
      "iconIdx": 9
    },
    {
      "icon": {
        "paths": [
          "M288.237 455.111v0l-53.096 53.096 508.207 508.207 53.096-53.096-455.111-455.111 455.111-455.111-53.096-53.096-455.111 455.111z"
        ],
        "attrs": [
          {
            "fill": "rgb(255, 255, 255)"
          }
        ],
        "isMulticolor": false,
        "isMulticolor2": false,
        "grid": 0,
        "tags": [
          "左@1x"
        ],
        "colorPermutations": {
          "1651671741202206215123623623612382382381253170012552552551": [
            {
              "f": 5
            }
          ]
        }
      },
      "attrs": [
        {
          "fill": "rgb(255, 255, 255)"
        }
      ],
      "properties": {
        "order": 31,
        "id": 0,
        "name": "left-arrow",
        "prevSize": 32,
        "code": 59676
      },
      "setIdx": 2,
      "setId": 0,
      "iconIdx": 10
    }
  ],
  "height": 1024,
  "metadata": {
    "name": "icomoon"
  },
  "preferences": {
    "showGlyphs": true,
    "showQuickUse": true,
    "showQuickUse2": true,
    "showSVGs": true,
    "fontPref": {
      "prefix": "icon-",
      "metadata": {
        "fontFamily": "icomoon",
        "majorVersion": 1,
        "minorVersion": 0
      },
      "metrics": {
        "emSize": 1024,
        "baseline": 6.25,
        "whitespace": 50
      },
      "embed": false,
      "showSelector": true,
      "showMetrics": true,
      "showMetadata": true,
      "showVersion": true,
      "resetPoint": 59648,
      "ie7": false,
      "noie8": false
    },
    "imagePref": {
      "prefix": "icon-",
      "png": true,
      "useClassSelector": true,
      "color": 0,
      "bgColor": 16777215,
      "classSelector": ".icon"
    },
    "historySize": 50,
    "showCodes": true,
    "gridSize": 16,
    "showGrid": false,
    "showLiga": true
  }
}